[{"@type":"mappingTemplate","id":"@1","name":"Mapping_RESTV2","description":"","autoExpireObject":false,"bundleVersion":"0","assetFrsGuid":"l6N6Npf9V2Hb4BRxQPPIA7","templateId":"@3","deployTime":1749733023000,"hasParameters":false,"valid":true,"fixedConnection":true,"hasParametersDeployed":false,"fixedConnectionDeployed":true,"isSchemaValidationEnabled":false,"tasks":0,"mappingPreviewFileRecordId":"@2","documentType":"MAPPING","allowMaxFieldLength":false,"references":[{"@type":"reference","refObjectId":"@ilfdnY9IK4netOqGZwDnsq","refType":"connection"},{"@type":"reference","refObjectId":"@3SYqtEsa6EMhQYMYpa5QYy","refType":"connection"}]}]